0,377,1440,pngwing.com (1).png,2401,3200
1,370,1665,pngwing.com (1).png,2401,3200
2,428,1935,pngwing.com (1).png,2401,3200
3,537,2116,pngwing.com (1).png,2401,3200
4,676,2218,pngwing.com (1).png,2401,3200
5,770,2298,pngwing.com (1).png,2401,3200
6,865,2385,pngwing.com (1).png,2401,3200
7,1010,2451,pngwing.com (1).png,2401,3200
8,1214,2473,pngwing.com (1).png,2401,3200
9,1359,2465,pngwing.com (1).png,2401,3200
10,1534,2415,pngwing.com (1).png,2401,3200
11,1665,2327,pngwing.com (1).png,2401,3200
12,1767,2240,pngwing.com (1).png,2401,3200
13,1919,2109,pngwing.com (1).png,2401,3200
14,2014,1949,pngwing.com (1).png,2401,3200
15,2014,1687,pngwing.com (1).png,2401,3200
16,2036,1455,pngwing.com (1).png,2401,3200
17,530,1302,pngwing.com (1).png,2401,3200
18,661,1236,pngwing.com (1).png,2401,3200
19,821,1222,pngwing.com (1).png,2401,3200
20,974,1265,pngwing.com (1).png,2401,3200
21,1068,1353,pngwing.com (1).png,2401,3200
22,1352,1353,pngwing.com (1).png,2401,3200
23,1439,1280,pngwing.com (1).png,2401,3200
24,1534,1244,pngwing.com (1).png,2401,3200
25,1679,1251,pngwing.com (1).png,2401,3200
26,1810,1309,pngwing.com (1).png,2401,3200
27,1199,1425,pngwing.com (1).png,2401,3200
28,1199,1527,pngwing.com (1).png,2401,3200
29,1199,1636,pngwing.com (1).png,2401,3200
30,1199,1724,pngwing.com (1).png,2401,3200
31,1076,1753,pngwing.com (1).png,2401,3200
32,1141,1796,pngwing.com (1).png,2401,3200
33,1207,1804,pngwing.com (1).png,2401,3200
34,1272,1789,pngwing.com (1).png,2401,3200
35,1337,1767,pngwing.com (1).png,2401,3200
36,683,1440,pngwing.com (1).png,2401,3200
37,785,1367,pngwing.com (1).png,2401,3200
38,901,1367,pngwing.com (1).png,2401,3200
39,988,1455,pngwing.com (1).png,2401,3200
40,901,1484,pngwing.com (1).png,2401,3200
41,777,1491,pngwing.com (1).png,2401,3200
42,1396,1447,pngwing.com (1).png,2401,3200
43,1490,1389,pngwing.com (1).png,2401,3200
44,1614,1375,pngwing.com (1).png,2401,3200
45,1708,1440,pngwing.com (1).png,2401,3200
46,1636,1498,pngwing.com (1).png,2401,3200
47,1519,1505,pngwing.com (1).png,2401,3200
48,1007,2032,pngwing.com (1).png,2401,3200
49,1080,2011,pngwing.com (1).png,2401,3200
50,1136,2011,pngwing.com (1).png,2401,3200
51,1194,2004,pngwing.com (1).png,2401,3200
52,1250,2001,pngwing.com (1).png,2401,3200
53,1312,2011,pngwing.com (1).png,2401,3200
54,1371,2039,pngwing.com (1).png,2401,3200
55,1333,2070,pngwing.com (1).png,2401,3200
56,1274,2084,pngwing.com (1).png,2401,3200
57,1215,2087,pngwing.com (1).png,2401,3200
58,1143,2087,pngwing.com (1).png,2401,3200
59,1087,2084,pngwing.com (1).png,2401,3200
60,1103,2045,pngwing.com (1).png,2401,3200
61,1143,2041,pngwing.com (1).png,2401,3200
62,1199,2041,pngwing.com (1).png,2401,3200
63,1251,2043,pngwing.com (1).png,2401,3200
64,1288,2051,pngwing.com (1).png,2401,3200
65,1238,2068,pngwing.com (1).png,2401,3200
66,1195,2063,pngwing.com (1).png,2401,3200
67,1149,2061,pngwing.com (1).png,2401,3200
68,428,1280,pngwing.com (1).png,2401,3200
69,545,1084,pngwing.com (1).png,2401,3200
70,763,945,pngwing.com (1).png,2401,3200
71,1214,895,pngwing.com (1).png,2401,3200
72,1672,989,pngwing.com (1).png,2401,3200
73,1854,1120,pngwing.com (1).png,2401,3200
74,1985,1309,pngwing.com (1).png,2401,3200