0,11,243,anonymous.png,516,657
1,25,372,anonymous.png,516,657
2,59,472,anonymous.png,516,657
3,110,543,anonymous.png,516,657
4,134,574,anonymous.png,516,657
5,164,607,anonymous.png,516,657
6,200,638,anonymous.png,516,657
7,227,653,anonymous.png,516,657
8,256,656,anonymous.png,516,657
9,288,651,anonymous.png,516,657
10,316,641,anonymous.png,516,657
11,337,628,anonymous.png,516,657
12,357,605,anonymous.png,516,657
13,374,583,anonymous.png,516,657
14,457,475,anonymous.png,516,657
15,489,373,anonymous.png,516,657
16,507,241,anonymous.png,516,657
17,46,145,anonymous.png,516,657
18,105,131,anonymous.png,516,657
19,157,147,anonymous.png,516,657
20,195,168,anonymous.png,516,657
21,229,191,anonymous.png,516,657
22,292,190,anonymous.png,516,657
23,330,167,anonymous.png,516,657
24,373,147,anonymous.png,516,657
25,428,133,anonymous.png,516,657
26,471,145,anonymous.png,516,657
27,258,229,anonymous.png,516,657
28,256,280,anonymous.png,516,657
29,254,339,anonymous.png,516,657
30,254,390,anonymous.png,516,657
31,184,405,anonymous.png,516,657
32,221,420,anonymous.png,516,657
33,256,433,anonymous.png,516,657
34,289,422,anonymous.png,516,657
35,321,405,anonymous.png,516,657
36,86,245,anonymous.png,516,657
37,117,231,anonymous.png,516,657
38,170,235,anonymous.png,516,657
39,199,254,anonymous.png,516,657
40,169,266,anonymous.png,516,657
41,119,264,anonymous.png,516,657
42,320,254,anonymous.png,516,657
43,352,238,anonymous.png,516,657
44,397,232,anonymous.png,516,657
45,432,252,anonymous.png,516,657
46,403,266,anonymous.png,516,657
47,359,269,anonymous.png,516,657
48,140,477,anonymous.png,516,657
49,185,472,anonymous.png,516,657
50,220,474,anonymous.png,516,657
51,257,470,anonymous.png,516,657
52,305,473,anonymous.png,516,657
53,345,477,anonymous.png,516,657
54,370,481,anonymous.png,516,657
55,345,505,anonymous.png,516,657
56,307,519,anonymous.png,516,657
57,259,523,anonymous.png,516,657
58,221,520,anonymous.png,516,657
59,183,511,anonymous.png,516,657
60,196,488,anonymous.png,516,657
61,223,488,anonymous.png,516,657
62,259,488,anonymous.png,516,657
63,291,489,anonymous.png,516,657
64,317,489,anonymous.png,516,657
65,293,497,anonymous.png,516,657
66,260,497,anonymous.png,516,657
67,223,497,anonymous.png,516,657
68,13,161,anonymous.png,516,657
69,25,78,anonymous.png,516,657
70,121,29,anonymous.png,516,657
71,244,32,anonymous.png,516,657
72,374,33,anonymous.png,516,657
73,478,71,anonymous.png,516,657
74,503,156,anonymous.png,516,657