0,25,341,ironman.png,405,615
1,42,398,ironman.png,405,615
2,55,481,ironman.png,405,615
3,97,540,ironman.png,405,615
4,109,560,ironman.png,405,615
5,127,584,ironman.png,405,615
6,138,598,ironman.png,405,615
7,154,608,ironman.png,405,615
8,202,609,ironman.png,405,615
9,256,609,ironman.png,405,615
10,278,594,ironman.png,405,615
11,286,583,ironman.png,405,615
12,302,558,ironman.png,405,615
13,317,540,ironman.png,405,615
14,355,481,ironman.png,405,615
15,367,398,ironman.png,405,615
16,384,341,ironman.png,405,615
17,73,301,ironman.png,405,615
18,96,292,ironman.png,405,615
19,122,287,ironman.png,405,615
20,151,291,ironman.png,405,615
21,174,313,ironman.png,405,615
22,236,314,ironman.png,405,615
23,267,290,ironman.png,405,615
24,291,288,ironman.png,405,615
25,318,291,ironman.png,405,615
26,340,302,ironman.png,405,615
27,204,349,ironman.png,405,615
28,205,371,ironman.png,405,615
29,207,407,ironman.png,405,615
30,207,440,ironman.png,405,615
31,161,448,ironman.png,405,615
32,181,456,ironman.png,405,615
33,206,459,ironman.png,405,615
34,233,458,ironman.png,405,615
35,259,448,ironman.png,405,615
36,70,343,ironman.png,405,615
37,93,347,ironman.png,405,615
38,128,359,ironman.png,405,615
39,153,370,ironman.png,405,615
40,125,374,ironman.png,405,615
41,83,359,ironman.png,405,615
42,260,372,ironman.png,405,615
43,285,364,ironman.png,405,615
44,325,349,ironman.png,405,615
45,344,349,ironman.png,405,615
46,330,361,ironman.png,405,615
47,281,375,ironman.png,405,615
48,141,544,ironman.png,405,615
49,149,535,ironman.png,405,615
50,174,527,ironman.png,405,615
51,208,526,ironman.png,405,615
52,240,527,ironman.png,405,615
53,265,532,ironman.png,405,615
54,270,543,ironman.png,405,615
55,264,551,ironman.png,405,615
56,244,559,ironman.png,405,615
57,209,562,ironman.png,405,615
58,174,558,ironman.png,405,615
59,153,554,ironman.png,405,615
60,160,543,ironman.png,405,615
61,188,539,ironman.png,405,615
62,208,537,ironman.png,405,615
63,231,539,ironman.png,405,615
64,258,544,ironman.png,405,615
65,231,548,ironman.png,405,615
66,207,548,ironman.png,405,615
67,187,547,ironman.png,405,615
68,17,229,ironman.png,405,615
69,29,133,ironman.png,405,615
70,79,56,ironman.png,405,615
71,211,11,ironman.png,405,615
72,331,56,ironman.png,405,615
73,384,130,ironman.png,405,615
74,399,230,ironman.png,405,615
